{"tau_model": 1.4111111111111112, "dt": 0.0769, "gain_model": 45.55555555555556, "thres_model": 0.026666666666666665}